lesson,english,phonetic,example,czech
1,alphabetical,/ˌælfəˈbetɪkl/,The list was in alphabetical order.,abecední
1,attendant,/əˈtendənt/,The attendant gave me a map of the gallery.,hlídač
1,aunt,/ɑːnt/,My favourite aunt is my mum's sister.,teta
1,beautiful,/ˈbjuːtɪfl/,London parks are beautiful.,krásný
1,big,/bɪɡ/,New York is a big city.,velký
1,blog,/blɒɡ/,I have a blog where I write about my life.,blog
1,boyfriend,/ˈbɔɪfrend/,My sister has a new boyfriend.,přítel
1,brother,/ˈbrʌðə/,My brother and I are good friends.,bratr
1,cheap,/tʃiːp/,The food here is very nice and it's cheap.,levný
1,check out,/tʃek ˈaʊt/,You can check out my photos on my blog.,"vidět, prověřit"
1,coke,/kəʊk/,"Can I have a coke, please?",kola
1,cold,/kəʊld/,It's cold in winter.,studený
1,complete,/kəmˈpliːt/,You can complete the exercise later.,dokončit
1,conversation,/ˌkɒnvəˈseɪʃn/,What is the conversation about?,rozhovor
1,cousin,/ˈkʌzn/,My cousin is the same age as me.,bratranec / sestřenice
1,darling,/ˈdɑːlɪŋ/,"Goodbye, darling! Have a good day!",miláček
1,daughter,/ˈdɔːtə/,My daughter is five years old.,dcera
1,difficult,/ˈdɪfɪkəlt/,"My job is difficult, but I like it.",obtížný
1,easy,/ˈiːzi/,It's easy to use the underground system.,snadný
1,expensive,/ɪkˈspensɪv/,That's an expensive restaurant.,drahý
1,friendly,/ˈfrendli/,My new neighbours are very friendly.,přátelský
1,girlfriend,/ˈɡɜːlfrend/,I think my brother has got a new girlfriend.,přítelkyně
1,good,/ɡʊd/,Debbie is a good teacher.,dobrý
1,grandfather,/ˈɡrænfɑːðə/,My mother's father is my grandfather.,dědeček
1,grandmother,/ˈɡrænmʌðə/,My father's mother is my grandmother.,babička
1,horrible,/ˈhɒrəbl/,This coffee is horrible!,hrozný
1,husband,/ˈhʌzbənd/,Mike is my friend's husband.,manžel
1,interesting,/ˈɪntrestɪŋ/,London is an interesting city.,zajímavý
1,introduce,/ˌɪntrəˈdjuːs/,Let me introduce you to my sister Anne.,představit
1,just,/dʒʌst/,Don't worry about me – I'm just waiting for my brother.,jen
1,lawyer,/ˈlɔːjə/,My father works as a lawyer.,právník
1,lovely,/ˈlʌvli/,I like your girlfriend – she's lovely.,půvabný
1,married,/ˈmærid/,My sister Emily is married.,ženatý / vdaná
1,mother,/ˈmʌðə/,My mother is a doctor.,matka
1,near,/nɪə/,There's a café near my school.,blízko
1,nephew,/ˈnefjuː/,I only have one nephew.,synovec
1,nice,/naɪs/,It's nice to meet new people.,milý
1,niece,/niːs/,Sheila is my niece.,neteř
1,office,/ˈɒfɪs/,Amelia works in an office in York.,kancelář
1,old,/əʊld/,How old are you?,starý
1,opposite,/ˈɒpəzɪt/,The opposite of big is small.,opačný
1,parents,/ˈpeərənts/,My parents are on holiday at the moment.,rodiče
1,personal,/ˈpɜːsənl/,Please complete the form with your personal information.,osobní
1,practise,/ˈpræktɪs/,You need to practise your English.,cvičit
1,sister,/ˈsɪstə/,My sister is older than me.,sestra
1,slow,/sləʊ/,This bus is so slow!,pomalý
1,small,/smɔːl/,Maria is in a small school.,malý
1,son,/sʌn/,My son is a university student.,syn
1,spell,/spel/,How do you spell your name?,hláskovat
1,sunny,/ˈsʌni/,I like sunny weather.,slunečný
1,surname,/ˈsɜːneɪm/,Is Smith your surname?,příjmení
1,thank goodness,/θæŋk ˈɡʊdnəs/,Thank goodness it's Friday!,zaplaťpánbůh
1,ticket,/ˈtɪkɪt/,"You don't need a ticket for the museum, it's free.",lístek
1,topic,/ˈtɒpɪk/,Please help me choose a topic for my blog entry.,téma
1,uncle,/ˈʌŋkl/,My uncle lives in Edinburgh.,strýc
1,waiter,/ˈweɪtə/,I work as a waiter at a café.,číšník
1,weather,/ˈweðə/,What's the weather like in your town?,počasí
1,weekend,/ˈwiːkend/,I only work at the weekend.,víkend
1,wife,/waɪf/,My brother doesn't have a wife.,manželka
2,accountant,/əˈkaʊntənt/,He's an accountant. He likes working with money.,účetní
2,actress,/ˈæktrəs/,Natalie Portman is an actress.,herečka
2,American,/əˈmerɪkən/,"She was born in Philadelphia, so she's American.",americký
2,architect,/ˈɑːkɪtekt/,She is an architect – she designs houses.,architekt
2,arrow,/ˈærəʊ/,The Yanomami hunt animals with a bow and arrow.,šíp
2,ballet dancer,/ˈbæleɪ dɑːnsə/,Benjamin Millepied is a ballet dancer.,baleťák
2,board game,/ˈbɔːd ɡeɪm/,Kristina likes playing board games.,desková hra
2,bow,/bəʊ/,The Yanomami hunt animals with a bow and arrow.,luk
2,Brazilian,/brəˈzɪliən/,The Yanomami live in the Brazilian rainforest.,brazilský
2,capital,/ˈkæpɪtl/,The capital of Peru is Lima.,hlavní město
2,clean,/kliːn/,I clean the house every day.,uklízet
2,conservation,/ˌkɒnsəˈveɪʃn/,Maggie is interested in wildlife conservation.,ochrana
2,degree,/dɪˈɡriː/,Natalie Portman has a degree in Psychology.,titul
2,dentist,/ˈdentɪst/,I need to go to the dentist because I've got toothache.,zubař
2,design,/dɪˈzaɪn/,My parents design apartment buildings for a living.,navrhovat
2,do the washing,/duː ðə ˈwɒʃɪŋ/,I do the washing in our house and my brother does the dishes.,prát
2,electricity,/ɪˌlekˈtrɪsəti/,The Amish don't use electricity.,elektřina
2,England,/ˈɪŋɡlənd/,My elder sister lives in England.,Anglie
2,exactly,/ɪɡˈzæktli/,Where exactly in Peru do you live?,přesně
2,farm,/fɑːm/,Kristine is an Amish and she lives on a farm.,farma
2,film director,/ˈfɪlm dəˌrektə/,A film director directs movies.,filmový režisér
2,fire engine,/ˈfaɪər endʒɪn/,James drives a fire engine.,hasičský vůz
2,fireman,/ˈfaɪəmən/,He likes being a fireman.,hasič
2,fire station,/ˈfaɪə steɪʃn/,He works at a small fire station.,požární stanice
2,firm,/fɜːm/,Pete works at a law firm.,firma
2,French,/frentʃ/,My English teacher also teaches French.,francouzština
2,German,/ˈdʒɜːmən/,I can't speak German.,němčina
2,Germany,/ˈdʒɜːməni/,My sister lived in Germany for two years.,Německo
2,go ice-skating,/ɡəʊ ˈaɪs skeɪtɪŋ/,I sometimes go ice-skating in the winter.,jít bruslit
2,gym,/dʒɪm/,What time does the gym close?,tělocvična
2,hairdresser,/ˈheədresə/,My hairdresser cut my hair too short last time.,kadeřník
2,Hebrew,/ˈhiːbruː/,"My uncle is Israeli, but he doesn't speak Hebrew.",hebrejština
2,hunt,/hʌnt/,Toin's father hunts animals in the rainforest.,lovit
2,interpreter,/ɪnˈtɜːprətə/,You need to speak at least two languages to work as an interpreter.,tlumočník
2,Israel,/ˈɪzreɪl/,She was born in Israel.,Izrael
2,Italian,/ɪˈtæliən/,My friend's mother is Italian.,italský
2,journalist,/ˈdʒɜːnəlɪst/,A journalist writes news stories.,novinář
2,law firm,/ˈlɔː fɜːm/,His law firm is very prestigious.,právnická firma
2,lawyer,/ˈlɔːjə/,I have no problems with the law so I don't need a lawyer.,právník
2,look after,/lʊk ˈɑːftə/,"As a dentist, I look after people's teeth.",starat se o
2,monkey,/ˈmʌŋki/,My pet is a monkey.,opice
2,nurse,/nɜːs/,Emily works as a nurse at City Hospital.,zdravotní sestra
2,outside,/ˌaʊtˈsaɪd/,I sometimes sleep outside in the garden when it's hot.,venku
2,pet,/pet/,Do you have a pet?,domácí mazlíček
2,physics,/ˈfɪzɪks/,I want to study Physics when I finish school.,fyzika
2,pilot,/ˈpaɪlət/,I want to be a pilot and fly a plane.,pilot
2,psychology,/saɪˈkɒlədʒi/,My friend Susie is very interested in Psychology.,psychologie
2,rainforest,/ˈreɪnfɒrɪst/,The Yanomami live in the Brazilian rainforest.,deštný prales
2,receptionist,/rɪˈsepʃənɪst/,"Could I speak to the hotel receptionist, please?",recepční
2,Scotland,/ˈskɒtlənd/,"He was born in Glasgow, Scotland.",Skotsko
2,smile,/smaɪl/,Friendly people smile often.,usmát se
2,snooker,/ˈsnuːkə/,I love playing snooker with my friend Ellie.,snooker
2,Spain,/speɪn/,Maria is from Spain.,Španělsko
2,Spanish,/ˈspænɪʃ/,She's English but she can speak Spanish fluently.,španělština
2,taxi driver,/ˈtæksi draɪvə/,My brother is a taxi driver. He loves driving in the city.,řidič taxi
2,teeth,/tiːθ/,My teeth are aching – I need to go to the dentist.,zuby
2,the USA,/ðə ˌjuː es ˈeɪ/,The USA is a big country.,USA
2,vegetarian,/ˌvedʒəˈteəriən/,I'm a vegetarian so I never eat animal meat.,vegetarián
2,Wales,/weɪlz/,Gareth Bale is from Wales.,Wales
2,walk your dog,/wɔːk jɔː dɒɡ/,Do you walk your dog every day?,venčit psa
2,wolf,/wʊlf/,A wolf is like a wild dog.,vlk
2,wrong,/rɒŋ/,I arrived late because my watch is wrong.,rozbitý
2,zoologist,/zəʊˈɒlədʒɪst/,"As a zoologist, I study animal behaviour.",zoolog
2,Australia,/ɒˈstreɪliə/,I'd love to go to Australia on holiday.,Austrálie
2,autumn,/ˈɔːtəm/,Autumn is my favourite season.,podzim
2,balance,/ˈbæləns/,Do you have a good work-life balance?,rovnováha
2,bilingual,/ˌbaɪˈlɪŋɡwəl/,You need a bilingual dictionary for your English course.,dvojjazyčný
3,church,/tʃɜːtʃ/,We often go to church on Sunday mornings.,kostel
3,competition,/ˌkɒmpəˈtɪʃn/,I didn't win the competition.,soutěž
3,cycling,/ˈsaɪklɪŋ/,My dad loves cycling.,jízda na kole
3,donkey,/ˈdɒŋki/,My daughter is an animal lover and wants to buy a donkey.,osel
3,excitement,/ɪkˈsaɪtmənt/,"I love the excitement of Sunday morning, before the races start.",vzrušení
3,fan (ie. sports fan),/fæn/,Are you a sports fan?,fanoušek (tj. sportovní fanoušek)
3,fishing,/ˈfɪʃɪŋ/,I never go fishing – I don't enjoy it.,rybolov
3,flat,/flæt/,Ellie lives in a flat in the town centre.,byt
3,get up,/ɡet ˈʌp/,What time do you get up?,vstávat
3,ground,/ɡraʊnd/,I usually train at the sports ground.,hřiště
3,hard (ie. work hard),/hɑːd/,You have to train hard if you want to succeed.,tvrdě (tj. pracovat tvrdě)
3,have trouble,/hæv ˈtrʌbl/,Do you have trouble sleeping?,mít potíže
3,hedgehog,/ˈhedʒhɒɡ/,"When I was a child, I wanted to have a hedgehog.",ježek
3,horse riding,/ˈhɔːs raɪdɪŋ/,He loves horses so he often goes horse riding.,jízda na koni
3,Indian,/ˈɪndiən/,We went to an Indian restaurant for dinner.,indický
3,instrument,/ˈɪnstrəmənt/,My favourite musical instrument is the piano.,nástroj
3,Irish,/ˈaɪrɪʃ/,"She was born in Dublin, so she's Irish.",irský
3,Italy,/ˈɪtəli/,My parents went to Italy on holiday last year.,Itálie
3,Jamaican,/dʒəˈmeɪkən/,My dad is Jamaican.,jamajský
3,Japanese,/ˌdʒæpəˈniːz/,Do you like Japanese food like sushi?,japonský
3,jockey,/ˈdʒɒki/,Frankie Dettori is a horse-racing jockey.,žokej
3,lively,/ˈlaɪvli/,"It was a lively concert, full of energy and enthusiasm.",živý
3,market town,/ˈmɑːkɪt taʊn/,I live in a market town which always gets busy on market day.,tržní město
3,match (ie. sports),/mætʃ/,Would you like to go to the football match next Sunday?,utkání (tj. sportovní)
3,mess,/mes/,The kids were playing all day and the house was a mess.,nepořádek
3,mile,/maɪl/,One mile is approximately 1.6 kilometres.,míle
3,miss,/mɪs/,Did you miss your family while you were away?,stýskat se
3,musical,/ˈmjuːzɪkl/,Would you like to learn how to play a musical instrument?,hudební
3,postcode,/ˈpəʊstkəʊd/,The letter won't arrive if you don't write the postcode.,poštovní směrovací číslo
3,put on,/pʊt ˈɒn/,I'd put on a coat if I were you – it's cold outside.,obléct si
3,pyjamas,/pəˈdʒɑːməz/,I always watch TV at night in my pyjamas.,pyžamo
3,race course,/ˈreɪs kɔːs/,There are horse races every Saturday on a race course near here.,dostihové závodiště
3,season,/ˈsiːzn/,"What's your favourite season, spring or summer?",období
3,set off,/set ˈɒf/,We are all ready so let's set off for the picnic.,vyrazit
3,share,/ʃeə/,I share a flat with my friend Lucy.,sdílet
3,skiing,/ˈskiːɪŋ/,I love winter because I can go skiing.,lyžování
3,smoke,/sməʊk/,I never smoke at home.,kouřit
3,soul,/səʊl/,Alexandra's mother was a soul and R&B singer.,soul
3,South African,/saʊθ ˈæfrɪkən/,Johannesburg is the biggest South African city.,jihoafrický
3,spring,/sprɪŋ/,I like the smell of flowers in spring.,jaro
3,star (ie. in a film),/stɑː/,My parents are actors – they star in many movies.,hrát hlavní roli (tj. ve filmu)
3,stuff,/stʌf/,"They sell old furniture, decorations, and stuff like that.",věci
3,summer,/ˈsʌmə/,We often go to the swimming pool in summer.,léto
3,text,/tekst/,I text my friends all the time.,textovat
3,traffic,/ˈtræfɪk/,My mum was late because the traffic was bad this morning.,provoz
3,train (ie. practise sport),/treɪn/,You have to train hard to become a professional athlete.,trénovat (tj. sportovat)
3,win,/wɪn/,Did you win the match?,vyhrát
3,windsurfing,/ˈwɪndsɜːfɪŋ/,Windsurfing is my favourite sport.,windsurfing
3,winter,/ˈwɪntə/,Celia loves playing in the snow in winter.,zima
4,amazing,/əˈmeɪzɪŋ/,Jerry's new flat is amazing!,úžasný
4,armchair,/ˈɑːmtʃeə/,This armchair looks comfortable.,křeslo
4,awful,/ˈɔːfl/,My exam results were awful. I didn't pass.,strašný
4,balcony,/ˈbælkəni/,My sister's flat has a balcony.,balkon
4,bell,/bel/,Big Ben is the name of the bell inside the clock.,zvon
4,bench,/bentʃ/,There isn't a bench for each MP in the House of Commons.,sedačka
4,bookshelves,/ˈbʊkʃelvz/,Are there any bookshelves in your new flat?,police s knihami
4,bright,/braɪt/,Bright red is my favourite colour.,jasný
4,British,/ˈbrɪtɪʃ/,The British Parliament was the first in the world.,britský
4,carpet,/ˈkɑːpɪt/,I need to buy a carpet for the living room.,koberec
4,cathedral,/kəˈθiːdrəl/,Salisbury is famous for its cathedral.,katedrála
4,chamber,/ˈtʃeɪmbə/,The King or Queen can never enter the House of Commons chamber.,komora
4,chemist's,/ˈkemɪsts/,There's a chemist's near the café.,drogerie
4,clock,/klɒk/,The clock struck three.,hodiny
4,comfortable,/ˈkʌmfətəbl/,"Our flat's small, but it's comfortable.",pohodlný
4,cooker,/ˈkʊkə/,I prefer to cook with a gas cooker.,vařič
4,cross,/krɒs/,"You can watch, but you can't cross this line.",překročit
4,curtains,/ˈkɜːtnz/,Could you please close the curtains?,záclony
4,cushion,/ˈkʊʃn/,There's one cushion on the sofa.,polštář
4,diary,/ˈdaɪəri/,I'll make a note of the meeting in my diary.,deník
4,dictionary,/ˈdɪkʃənri/,Can I borrow your dictionary?,slovník
4,dining room,/ˈdaɪnɪŋ ruːm/,You eat in a dining room.,jídelna
4,dishwasher,/ˈdɪʃwɒʃə/,Most houses have a dishwasher nowadays.,myčka na nádobí
4,dreadful,/ˈdredfl/,The flat they showed us was dreadful.,děsný
4,excellent,/ˈeksələnt/,I think you made an excellent choice.,vynikající
4,fabulous,/ˈfæbjələs/,The meal was fabulous – I loved it!,skvostný
4,fantastic,/fænˈtæstɪk/,Your apartment looks fantastic.,báječný
4,floor (ie. first floor),/flɔː/,I live on the third floor.,podlaží (tj. první podlaží)
4,fridge,/frɪdʒ/,I like cooking so I need a big fridge to keep the food fresh.,lednička
4,glass,/ɡlɑːs/,"Could I have a glass of water, please?",sklenice
4,government,/ˈɡʌvənmənt/,The government made an important announcement.,vláda
4,great,/ɡreɪt/,That's great news. Congratulations!,báječný
4,kettle,/ˈketl/,That kettle is a nice colour.,konvice
4,lamp,/læmp/,It's too dark in the living room – we need to buy a lamp.,lampa
4,living room,/ˈlɪvɪŋ ruːm/,Let's have our coffee in the living room.,obývací pokoj
4,major,/ˈmeɪdʒə/,The flat is on major bus routes.,hlavní
4,mirror,/ˈmɪrə/,There's a mirror in the bathroom.,zrcadlo
4,MP,/ˌem ˈpiː/,MP is the abbreviation for Member of Parliament.,poslanec Parlamentu
4,newsagent's,/ˈnjuːzeɪdʒənts/,I'm going to the newsagent's to buy the newspaper.,novinový stánek
4,parliament,/ˈpɑːləmənt/,She's an MP – she works in parliament.,parlament
4,picture,/ˈpɪktʃə/,I want to buy a big picture for the living room wall.,obraz
4,plate,/pleɪt/,Would you like a plate for your cake?,talíř
4,playground,/ˈpleɪɡraʊnd/,There's a playground in the park.,dětské hřiště
4,population,/ˌpɒpjuˈleɪʃn/,"The population of my town is 280,000.",obyvatelstvo
4,postcard,/ˈpəʊstkɑːd/,He sent me a postcard from Seville.,pohlednice
4,pub,/pʌb/,Let's go to the pub for a drink.,hospoda
4,pull,/pʊl/,Could you please pull the curtains? There's too much light.,zatáhnout
4,purse,/pɜːs/,My purse is in my bag.,peněženka
4,"rent (v, n)",/rent/,I'm looking for a flat to rent. How much is the rent?,"pronajímat, nájem"
4,return ticket,/rɪˈtɜːn ˈtɪkɪt/,How much is a return ticket from Hamburg to Berlin?,zpáteční jízdenka
4,route,/ruːt/,What's the route of bus number 5?,trasa
4,sailing,/ˈseɪlɪŋ/,I want to live near the sea because I love sailing.,plachtění
4,shower,/ˈʃaʊə/,"The bathroom has a shower, but not a bathtub.",sprcha
4,sofa,/ˈsəʊfə/,The living room is very small so there isn't a sofa.,gauč
4,staircase,/ˈsteəkeɪs/,There's a wooden staircase inside the house.,schodiště
4,stamp,/stæmp/,"Could you go to the post office and buy a stamp, please?",známka
4,swing,/swɪŋ/,There's a swing at the playground.,houpačka
4,sword,/sɔːd/,A sword is a type of weapon.,meč
4,terrible,/ˈterəbl/,I felt terrible after the fight.,příšerný
4,toilet,/ˈtɔɪlət/,Is there a toilet I can use here?,toaleta
4,towel,/ˈtaʊəl/,I like the blue towel.,ručník
4,tower,/ˈtaʊə/,The views from the clock tower are amazing.,věž
4,washing machine,/ˈwɒʃɪŋ məˈʃiːn/,The flat has a kitchen with washing machine and dishwasher.,pračka
4,advice,/ədˈvaɪs/,Could you give me some advice?,rada
4,artist,/ˈɑːtɪst/,Pablo Picasso was an artist.,umělec
4,attend,/əˈtend/,Young musicians attend the junior school of the Royal Academy.,navštěvovat
4,Austria,/ˈɒstriə/,He worked as a ski instructor in Austria.,Rakousko
5,be born,/bi ˈbɔːn/,I was born in Budapest.,být narozen
5,bill (ie. in restaurant),/bɪl/,"Can we have the bill, please?",účet (tj. v restauraci)
5,borrow,/ˈbɒrəʊ/,"Can I borrow your dictionary, please?",půjčit si
5,Brazil,/brəˈzɪl/,My girlfriend is from Brazil.,Brazílie
5,Britain,/ˈbrɪtn/,This is one of the most famous restaurants in Britain.,Británie
5,carry,/ˈkæri/,I'll help you carry those bags.,nosit
5,casual,/ˈkæʒuəl/,I can wear casual clothes like jeans and T-shirts to work.,neformální
5,cellist,/ˈtʃelɪst/,My brother is a professional cellist.,cellista
5,cello,/ˈtʃeləʊ/,I like the sound of the cello.,cello
5,clever,/ˈklevə/,Picasso was a very clever child.,chytrý
5,"cool (ie. fab, awesome)",/kuːl/,Those jeans are really cool.,"cool (tj. úžasný, skvělý)"
5,crime,/kraɪm/,Superheroes fight crime.,zločin
5,earn,/ɜːn/,Talented musicians can earn a lot of money.,vydělat
5,favour,/ˈfeɪvə/,Could you do me a favour?,laskavost
5,fluently,/ˈfluːəntli/,"My English is good, but I don't speak fluently.",plynule
5,foreign,/ˈfɒrən/,Have you ever lived in a foreign country?,cizí
5,full-time,/ˌfʊl ˈtaɪm/,I am a full-time student.,na plný úvazek
5,gang,/ɡæŋ/,"Everyone came to the party, all the gang.",gang
5,give someone a hand,/ɡɪv sʌmwʌn ə ˈhænd/,Can you give me a hand with this box?,pomoci někomu
5,give someone a lift,/ɡɪv sʌmwʌn ə ˈlɪft/,Could you give me a lift home? My car's broken down.,svézt někoho
5,included,/ɪnˈkluːdɪd/,Service is not included in the bill.,zahrnutý
5,lend,/lend/,Will you lend me £10?,půjčit
5,Mexican,/ˈmeksɪkən/,"She isn't Mexican, she's Peruvian.",mexický
5,mind your own business,/maɪnd jər əʊn ˈbɪznəs/,Don't ask how much money I earn. Mind your own business!,starat se sám o sebe
5,Morocco,/məˈrɒkəʊ/,Did you go to Morocco on holiday last summer?,Maroko
5,musician,/mjuˈzɪʃn/,My mum is a musician – she plays the trumpet.,hudebník
5,pianist,/ˈpjænɪst/,Isata is a pianist and a violinist.,pianista
5,pleased,/pliːzd/,I'm pleased that my children think classical music is cool.,potěšený
5,Poland,/ˈpəʊlənd/,"Marie Curie was born in Warsaw, Poland.",Polsko
5,Portuguese,/ˌpɔːtʃuˈɡiːz/,My friend Lucy lived in Portugal and can speak Portuguese.,portugalština
5,present,/ˈpreznt/,I loved my birthday present this year.,dárek
5,prodigy,/ˈprɒdədʒi/,Your son is so talented – he's a prodigy!,zázrak
5,producer,/prəˈdjuːsə/,Simon Cowell is a TV and music producer.,producent
5,proud,/praʊd/,My parents are really proud of me.,hrdý
5,resort,/rɪˈzɔːt/,I worked in a holiday resort last summer.,letovisko
5,ride,/raɪd/,I'd love to ride a motorbike.,jezdit
5,scholarship,/ˈskɒləʃɪp/,Elton John gave him a scholarship.,stipendium
5,scientist,/ˈsaɪəntɪst/,Marie Curie was a scientist.,vědec
5,service,/ˈsɜːvɪs/,Is service included in the bill?,obsluha
5,shock,/ʃɒk/,The news came as a shock to me.,šok
5,solve,/sɒlv/,Batman can solve crimes easily.,řešit
5,song writer,/ˈsɒŋ raɪtə/,John Lennon was a singer and a songwriter.,skladatel písní
5,speed,/spiːd/,Superman can fly at the speed of light.,rychlost
5,spider,/ˈspaɪdə/,Spiderman has spider powers.,pavouk
5,successful,/səkˈsesfl/,Most musicians are successful because they work hard.,úspěšný
5,talented,/ˈtæləntɪd/,My cousin is a talented musician.,talentovaný
5,tie (ie. shirt and tie),/taɪ/,I never wear a tie at home.,kravata (tj. košile a kravata)
5,traffic lights,/ˈtræfɪk laɪts/,"The café is near the traffic lights, next to the newsagent's.",semafor
5,try on,/traɪ ˈɒn/,I like these jeans. Can I try them on?,vyzkoušet (si)
5,viola,/viˈəʊlə/,A viola is larger than a violin.,viola
5,violin,/ˌvaɪəˈlɪn/,The violin belongs to the string family.,housle
5,violinist,/ˌvaɪəˈlɪnɪst/,Ara Malikian is a well-known violinist.,houslista
5,worried,/ˈwʌrid/,What are you worried about?,ustaraný
5,worry,/ˈwʌri/,We're not rich and money is always a worry.,starost
6,advanced,/ədˈvɑːnst/,We live in a technologically advanced world.,pokročilý
6,annoyed,/əˈnɔɪd/,The teacher was annoyed because nobody did the homework.,naštvaný
6,annoying,/əˈnɔɪɪŋ/,Their children's behaviour is really annoying.,otravný
6,aristocrat,/ˈærɪstəkræt/,An aristocrat is a member of the aristocracy.,aristokrat
6,article,/ˈɑːtɪkl/,I found this article in Wikipedia.,článek
6,award,/əˈwɔːd/,"I've never won an award, have you?",ocenění
6,billionaire,/ˌbɪljəˈneə/,The first space tourist was an American billionaire.,miliardář
6,bored,/bɔːd/,I'm bored. Let's do something fun!,znuděný
6,boring,/ˈbɔːrɪŋ/,The film was so boring I fell asleep.,nudný
6,box office,/ˈbɒks ɒfɪs/,The Philosopher's Stone made over $970 million at the box office.,pokladna
6,businessman,/ˈbɪznəsmæn/,He's a successful American businessman.,podnikatel
6,catch,/kætʃ/,Did you catch any fish today?,chytit
6,character (ie. in a film),/ˈkærəktə/,My favourite Star Wars character is Princess Leia.,postava (tj. ve filmu)
6,cost,/kɒst/,My new jacket cost a fortune.,stát
6,crisis,/ˈkraɪsɪs/,The economic crisis affected my business.,krize
6,disappointed,/ˌdɪsəˈpɔɪntɪd/,My sister was disappointed because she missed the party.,zklamaný
6,disappointing,/ˌdɪsəˈpɔɪntɪŋ/,Our holiday was disappointing because the hotel was awful.,neuspokojivý
6,draw (ie. result in a football match),/drɔː/,Neither of us lost the game – it was a draw.,remíza (tj. výsledek fotbalového utkání)
6,dress,/dres/,My cousin is a successful dress designer.,oděv
6,dyslexic,/dɪsˈsleksɪk/,"As a child, I was dyslexic and couldn't read well.",dyslektický
6,excited,/ɪkˈsaɪtɪd/,My son is very excited about his birthday.,nedočkavý
6,exciting,/ɪkˈsaɪtɪŋ/,Life in New York is very exciting.,vzrušující
6,fascinated,/ˈfæsɪneɪtɪd/,I've always been fascinated by wax models.,fascinovaný
6,fish,/fɪʃ/,Did you fish for salmon?,chytat ryby
6,fisherman,/ˈfɪʃəmən/,It took the fisherman four hours to catch the tuna.,rybář
6,fortune,/ˈfɔːtʃuːn/,He made a fortune with his fishing business.,jmění
6,founding,/ˈfaʊndɪŋ/,George Harrison was a founding member of The Beatles.,zakládající
6,frightened,/ˈfraɪtnd/,Marie Tussaud was frightened during the French Revolution.,vyděšený
6,guillotine,/ˈɡɪlətiːn/,Marie Antoinette was guillotined during the French Revolution.,popravit gilotinou
6,hijacker,/ˈhaɪdʒækə/,A hijacker took control of the plane.,únosce
6,housekeeper,/ˈhaʊskiːpə/,Marie's mother worked as a housekeeper.,hospodyně
6,inherit,/ɪnˈherɪt/,He's going to inherit a fortune now that his uncle has died.,zdědit
6,lifelike,/ˈlaɪflaɪk/,We queued for hours to see a lifelike wax model of the US president.,realistický
6,lose,/luːz/,Did you lose the match again?,prohrát
6,mask,/mɑːsk/,She made an animal mask for the party.,maska
6,member,/ˈmembə/,Are you a member of the club?,člen
6,Mexico,/ˈmeksɪkəʊ/,They live in a small fishing town in Mexico.,Mexiko
6,millionaire,/ˌmɪljəˈneə/,She became a millionaire when she was 20.,milionář
6,obviously,/ˈɒbviəsli/,"Obviously, we didn't meet Prince Harry at the museum.",zjevně
6,parking ticket,/ˈpɑːkɪŋ ˈtɪkɪt/,"If you park here, you may get a parking ticket.",pokuta za špatné parkování
6,pass (ie. an exam),/pɑːs/,I don't think I'll pass my exam.,úspěšně složit (tj. zkoušku)
6,queue,/kjuː/,We waited in a queue for hours just to buy a ticket.,fronta
6,reopen,/riːˈəʊpən/,The museum will reopen next Saturday.,znovu otevřít
6,repair,/rɪˈpeə/,It cost $27 million to repair the Leaning Tower of Pisa.,opravit
6,revolution,/ˌrevəˈluːʃn/,When did the French Revolution start?,revoluce
6,Russian,/ˈrʌʃn/,Who is the Russian prime minister these days?,ruský
6,siesta,/siˈestə/,I love having a siesta after lunch.,siesta
6,Slovenia,/sləˈviːniə/,The conference took place in Slovenia.,Slovinsko
6,soldier,/ˈsəʊldʒə/,My great-grandfather was a soldier in the British army.,voják
6,surprising,/səˈpraɪzɪŋ/,It is surprising that the wax museum is still popular today.,překvapivý
6,Switzerland,/ˈswɪtsələnd/,We moved to Switzerland when I was a kid.,Švýcarsko
6,tired,/ˈtaɪəd/,I'm tired because I couldn't sleep last night.,unavený
6,tiring,/ˈtaɪərɪŋ/,The game of tennis was long and tiring.,únavný
6,tuna,/ˈtjuːnə/,Tuna is my favourite fish.,tuňák
6,wax,/wæks/,Have you ever been to a wax museum?,vosk
6,waxworks,/ˈwækswɜːks/,The waxworks are so lifelike.,voskové figuríny
6,worldwide,/ˌwɜːldˈwaɪd/,The Harry Potter films were a success worldwide.,po celém světě
7,accident,/ˈæksɪdənt/,I saw a car accident yesterday.,nehoda
7,acquaintance,/əˈkweɪntəns/,I wouldn't call her a friend – just an old acquaintance.,známý
7,acting,/ˈæktɪŋ/,"If you love acting so much, you should start drama school.",herectví
7,appear,/əˈpɪə/,When did the first Superman comic appear?,objevit se
7,assistant,/əˈsɪstənt/,Rosalind Franklin worked as an assistant to scientist Maurice Wilkins.,asistent
7,Austrian,/ˈɒstriən/,Hedy Lamarr was an Austrian actress.,rakouský
7,burglar,/ˈbɜːɡlə/,"There's a burglar in the house. Quick, call the police!",zloděj
7,butcher,/ˈbʊtʃə/,My uncle is a butcher and sells many types of meat.,řezník
7,calmly,/ˈkɑːmli/,"'I'll call the police,' he said calmly.",klidně
7,cancer,/ˈkænsə/,"She had cancer, but she's completely recovered.",rakovina
7,card (ie. greetings card),/kɑːd/,Did you get any cards for your birthday?,přání (např. papírové přání)
7,carefully,/ˈkeəfəli/,I listened carefully to the doctor's instructions.,pečlivě
7,cleaner,/ˈkliːnə/,My dad works as an office cleaner.,uklízeč
7,Christmas Day,/ˌkrɪsməs ˈdeɪ/,I used to love Christmas Day when I was a kid.,1. svátek vánoční
7,come down (ie. the Berlin Wall),/kʌm ˈdaʊn/,When did the Berlin Wall come down?,spadnout (tj. Berlínská zeď)
7,comic (ie. magazine),/ˈkɒmɪk/,Superman is my favourite comic.,komiks (tj. časopis)
7,congratulations,/kənˌɡrætʃuˈleɪʃnz/,Congratulations on your new job!,gratulace
7,Czechoslovakian,/ˌtʃekəʊsləˈvækiən/,Hedy Lamarr started her acting career in Czechoslovakian cinema.,československý
7,dangerous,/ˈdeɪndʒərəs/,Radioactivity can be very dangerous.,nebezpečný
7,discover,/dɪˈskʌvə/,When did Alexander Fleming discover penicillin?,objevit
7,Easter Day,/ˈiːstə deɪ/,We're ready for the chocolate egg hunt on Easter Day.,Velikonoce
7,embassy,/ˈembəsi/,I lost my passport in Rome so I had to go to the British embassy.,velvyslanectví
7,fast food,/fɑːst ˈfuːd/,Many restaurants serve fast food these days.,rychlé občerstvení
7,female,/ˈfiːmeɪl/,Marie Curie is probably the most famous female scientist of all time.,ženský
7,flu,/fluː/,Thousands of people die of flu every year.,chřipka
7,fortunately,/ˈfɔːtʃənətli/,"Fortunately, Helen's a good driver.",naštěstí
7,Greece,/ɡriːs/,We are going to Greece on holiday this summer.,Řecko
7,Greek,/ɡriːk/,I can't speak Greek.,řecký
7,housework,/ˈhaʊswɜːk/,Women did all the housework in the old days.,práce v domácnosti
7,immediately,/ɪˈmiːdiətli/,"When I saw the accident, I called the police immediately.",okamžitě
7,inventor,/ɪnˈventə/,Hedy Lamar was an actress and an inventor.,vynálezce
7,jigsaw,/ˈdʒɪɡsɔː/,My kids love doing jigsaw puzzles.,skládačka
7,jumper,/ˈdʒʌmpə/,The jumpers I bought were very cheap.,svetr
7,laboratory,/ləˈbɒrətri/,Rosalind Franklin worked in a laboratory in Paris.,laboratoř
7,land,/lænd/,When did man first land on the moon?,přistát
7,male,/meɪl/,"In the old days, there were more male than female scientists.",mužský
7,New Year's Eve,/ˌnjuː jɪəz ˈiːv/,I often go to a party after dinner on New Year's Eve.,Silvestr
7,noise,/nɔɪz/,I woke up when I heard a noise downstairs.,hluk
7,pocket money,/ˈpɒkɪt ˌmʌni/,My parents give me little pocket money.,kapesné
7,Polish,/ˈpəʊlɪʃ/,"Marie Curie was born in Poland, so she was Polish.",polský
7,prize,/praɪz/,Rosalind Franklin never won a prize for her work.,cena
7,quickly,/ˈkwɪkli/,"We need to finish quickly, so hurry up!",rychle
7,research,/rɪˈsɜːtʃ/,Marie Curie did research at the Sorbonne in Paris.,výzkum
7,role,/rəʊl/,She played a great role in her latest movie.,role
7,run away,/rʌn əˈweɪ/,Hedy Lamar had to run away to escape from her husband.,utéct
7,sadly,/ˈsædli/,"I went on a climbing holiday. Sadly, I broke my leg.",naneštěstí
7,scary,/ˈskeəri/,You look very scary in that costume.,strašidelný
7,Senegal,/ˌsenɪˈɡɔːl/,I taught in a school in Senegal for a year.,Senegal
7,seriously,/ˈsɪəriəsli/,Why don't you take me seriously?,vážně
7,silently,/ˈsaɪləntli/,"Go upstairs silently, your mum is asleep.",tiše
7,straight after,/streɪt ˈɑːftə/,I finished university and started to work straight after it.,rovnou
7,structure,/ˈstrʌktʃə/,Franklin was the first to show DNA's structure in a photo.,struktura
7,suddenly,/ˈsʌdənli/,I was on my way to work when I suddenly realised it was Saturday!,náhle
7,Sweden,/ˈswiːdn/,The Nobel Prize ceremony takes place in Sweden every year.,Švédsko
7,umbrella,/ʌmˈbrelə/,Take your umbrella in case it rains.,deštník
7,unfortunately,/ʌnˈfɔːtʃənətli/,"I went to see him. Unfortunately, he wasn't there.",bohužel
7,wave,/weɪv/,A radio wave is a low-energy electromagnetic wave.,vlnění
7,wedding,/ˈwedɪŋ/,Congratulations on your wedding!,svatba
7,adaptor,/əˈdæptə/,Remind me to buy an adaptor before we go on holiday.,adaptér
7,aspirin,/ˈæspərɪn/,I usually take an aspirin when I have a headache.,aspirin
8,banquet,/ˈbæŋkwɪt/,Ice cream was first introduced in England at a royal banquet.,banket
8,battery,/ˈbætəri/,I think this watch needs a new battery.,baterie
8,biscuit,/ˈbɪskɪt/,Would you like a biscuit with your coffee?,sušenka
8,cheesecake,/ˈtʃiːzkeɪk/,This cheesecake looks delicious.,tvarohový koláč / cheesecake
8,chef,/ʃef/,My dad works as a chef at a famous restaurant.,šéfkuchař
8,Chinese,/ˌtʃaɪˈniːz/,We don't know if the Chinese invented ice cream.,Číňan
8,cookery,/ˈkʊkəri/,This new cookery book has over 1000 recipes.,kuchařský
8,count,/kaʊnt/,I could count to 20 when I was 3.,počítat
8,delicious,/dɪˈlɪʃəs/,Apple juice is delicious.,lahodný
8,deodorant,/diːˈəʊdərənt/,I need to buy some deodorant.,deodorant
8,disgusting,/dɪsˈɡʌstɪŋ/,I hate snails – they're disgusting.,nechutný
8,dhow (ie. type of boat),/daʊ/,A dhow is an Arab ship.,dhou (tj. typ lodi)
8,emperor,/ˈempərə/,Nero was the Roman emperor from AD 37 until AD 68.,císař
8,envelope,/ˈenvələʊp/,Do you have an envelope for the letter?,obálka
8,factory,/ˈfæktəri/,The first ice cream factory opened in Baltimore in 1851.,továrna
8,flour,/ˈflaʊə/,I need some flour for the recipe.,mouka
8,freeze,/friːz/,I'm going to freeze the meat to preserve it for longer.,zmrazit
8,frozen,/ˈfrəʊzən/,My daughter loves frozen yoghurt.,mražený
8,fussy,/ˈfʌsi/,,vybíravý
8,garlic,/ˈɡɑːlɪk/,Garlic has a strong flavour.,česnek
8,grateful,/ˈɡreɪtfʊl/,Amanda was really grateful for all your help.,vděčný
8,grocery shop,/ˈɡrəʊsəri ʃɒp/,I'm going to the grocery shop to get some food.,obchod s potravinami
8,guys (used by a waiter when addressing a couple in a restaurant),/ɡaɪz/,"Hi guys, what are you up to?",lidi (používá číšník v restauraci pro oslovení páru)
8,hole,/həʊl/,There's a hole in my shoe.,díra
8,honey,/ˈhʌni/,I always put honey in my yoghurt instead of sugar.,med
8,however,/haʊˈevə/,"She didn't like the dessert. However, she loved the meal.",avšak
8,ice cream parlour,,The first ice cream parlour opened in New York in 1790.,zmrzlinárna
8,industry,/ˈɪndəstri/,The US ice cream industry makes $21 billion a year.,průmysl
8,just kidding,/dʒʌst ˈkɪdɪŋ/,Don't take me seriously – I'm just kidding.,dělám si legraci
8,kid (ie. child),/kɪd/,I didn't like ice cream when I was a kid.,děcko (tj. dítě)
8,luxury,/ˈlʌkʃəri/,Ice cream used to be a luxury.,luxusní
8,magazine,/ˌmæɡəˈziːn/,This magazine comes out once a month.,časopis
8,mashed potato,/ˌmæʃt pəˈteɪtəʊ/,My son's favourite food is salmon with mashed potato.,bramborová kaše
8,meal,/miːl/,We had a lovely meal at the new restaurant.,jídlo
8,memorable,/ˈmemərəbl/,The meal was memorable because the food was so fresh and tasty.,nezapomenutelný
8,mussels,/ˈmʌslz/,I ordered a bowl of mussels – I love them!,mušle
8,New Zealander,/njuː ˈziːləndə/,New Zealanders love ice cream!,Novozélanďan
8,notebook,/ˈnəʊtbʊk/,"Write it down in your notebook, or you'll forget.",zápisník
8,oil,/ɔɪl/,I like to cook with olive oil.,olej
8,onion,/ˈʌnjən/,Do you need an onion for your recipe?,cibule
8,petrol,/ˈpetrəl/,How much petrol is there in the car?,benzín
8,plain,/pleɪn/,I usually use plain flour to cook.,hladký
8,plaster,/ˈplɑːstə/,Why don't you put a plaster on that cut?,náplast
8,recipe,/ˈresəpi/,I loved the meal – will you give me the recipe?,recept
8,roasting tin,/ˈrəʊstɪŋ ˌtɪn/,Put the meat into a roasting tin and cook for two hours.,pekáč
8,royalty,/ˈrɔɪəlti/,"For years, ice cream was enjoyed only by royalty and the rich.",člen královské rodiny
8,rug,/rʌɡ/,I bought a new rug for the living room.,předložka
8,scissors,/ˈsɪzəz/,This new pair of scissors is very sharp.,nůžky
8,secret,/ˈsiːkrət/,My mum wanted to keep the recipe secret.,tajný
8,Sellotape,/ˈseləteɪp/,I mended the picture with Sellotape.,izolepa
8,settler,/ˈsetlə/,His great-grandfather was a European settler in North America.,osadník
8,shampoo,/ʃæmˈpuː/,"Have you got any baby shampoo, please?",šampon
8,sparkling,/ˈspɑːklɪŋ/,"Could I have a bottle of sparkling water, please?",perlivý
8,starving,/ˈstɑːvɪŋ/,My friends are always starving hungry!,vyhladovělý
8,stationer's,/ˈsteɪʃənəz/,Could you please go to the stationer's to get some envelopes?,papírnictví
8,still (ie. still water),/stɪl/,I prefer still water to sparkling water.,neperlivý (tj. neperlivá voda)
8,suncream,/ˈsʌnkriːm/,"It's very sunny, so remember to put some suncream on.",opalovací krém
8,Tanzania,/ˌtænzəˈniːə/,My husband and I lived in Tanzania for a year.,Tanzánie
8,tap water,/tæp ˈwɔːtə/,We drink tap water at home.,kohoutková voda
8,thyme,/taɪm/,Thyme is a cooking herb.,tymián
8,toad,/təʊd/,"A toad is a small animal, similar to a frog.",ropucha
8,toothpaste,/ˈtuːθpeɪst/,Toothpaste is an unusual flavour for an ice cream!,zubní pasta
8,victory,/ˈvɪktəri/,The Americans celebrated victory in World War II with ice cream.,vítězství
9,accommodation,/əˌkɒməˈdeɪʃn/,The house includes staff accommodation.,ubytování
9,babysitter,/ˈbeɪbiˌsɪtə/,Lucy looks after children – she's a babysitter.,osoba na hlídání dětí
9,ballroom,/ˈbɔːlruːm/,Old mansions used to have ballrooms for dancing.,taneční sál
9,bank,/bæŋk/,"She lives next to the bank, on the main road.",banka
9,bowling alley,/ˈbəʊlɪŋ ˌæli/,The house contains a bowling alley.,bowlingová dráha
9,bridge,/brɪdʒ/,Bow Bridge is the most beautiful iron bridge in the world!,most
9,brightly-coloured,/ˌbraɪtli ˈkʌləd/,Most carousels around the world have brightly-coloured horses.,zářivě barevný
9,Canada,/ˈkænədə/,The world's biggest car park is in Canada.,Kanada
9,castle,/ˈkɑːsl/,I didn't know there was a castle in central park.,zámek
9,complain,/kəmˈpleɪn/,I want to complain about the service because it was awful.,stěžovat si
9,cottage,/ˈkɒtɪdʒ/,They live in a cottage in a small rural town.,chalupa
9,crowded,/ˈkraʊdɪd/,New York is a crowded city.,přelidněný
9,destination,/ˌdestɪˈneɪʃn/,Did you enter our destination in the satnav system?,cíl
9,disadvantage,/ˌdɪsədˈvɑːntɪdʒ/,Is there any disadvantage to living in a skyscraper?,nevýhoda
9,exit,/ˈeksɪt/,"At the roundabout, take the first exit on the left.",výjezd
9,field,/fiːld/,There's a field and a stable near the house.,pole
9,guide,/ɡaɪd/,The tourist guide to London was extremely useful.,průvodce
9,height,/haɪt/,I'm scared of heights.,výška
9,hill,/hɪl/,We ran down the hill just for fun.,kopec
9,Iran,/ɪˈrɑːn/,"The hottest city in the world is Ahwaz, in Iran.",Írán
9,iron,/ˈaɪən/,Bow bridge is an old iron bridge in Central Park.,železo
9,junction,/ˈdʒʌŋkʃn/,A junction is the place where two or more roads meet.,křižovatka
9,lake,/leɪk/,There's a lake in the middle of the park.,jezero
9,location,/ləʊˈkeɪʃn/,Our new flat is in a wonderful location.,místo
9,mosaic,/məʊˈzeɪɪk/,Roman villas used to include mosaics.,mozaika
9,movie,/ˈmuːvi/,Central Park is a famous movie location.,film
9,oak tree,/əʊk ˈtriː/,The field was full of oak trees.,dub
9,office block,/ˈɒfɪs ˌblɒk/,They opened a new office block in the town centre.,administrativní budova
9,orchard,/ˈɔːtʃəd/,My garden is quite small and it doesn't have an orchard.,sad
9,owner,/ˈəʊnə/,Who is the owner of the house?,majitel
9,Palestinian Territories,/ˌpælɪsˌtɪniən ˈterətəriz/,The city of Jericho is in the Palestinian Territories.,palestinské území
9,path,/pɑːθ/,There was a path in the garden leading to the house.,pěšina
9,pedestrian,/pəˈdestriən/,A pedestrian is someone who walks in the street.,chodec
9,pedestrian crossing,/pəˌdestriən ˈkrɒsɪŋ/,The cinema is near the pedestrian crossing.,přechod pro chodce
9,polite,/pəˈlaɪt/,He always sounds very polite.,zdvořilý
9,pollution,/pəˈluːʃn/,Most big cities have problems with traffic and pollution.,znečištění prostředí
9,post box,/ˈpəʊst bɒks/,"I need to post a letter, have you seen a post box?",poštovní schránka
9,river,/ˈrɪvə/,I love walking by the river.,řeka
9,roundabout,/ˈraʊndəbaʊt/,Take the second exit to the left at the roundabout.,kruhový objezd
9,scared,/skeəd/,Are you scared of heights?,mající strach
9,shopping centre,/ˈʃɒpɪŋ ˌsentə/,They're opening a new shopping centre in town.,nákupní centrum
9,sign,/saɪn/,Follow the sign to the town centre.,značka
9,skyscraper,/ˈskaɪˌskreɪpə/,How tall is this skyscraper?,mrakodrap
9,stable,/ˈsteɪbl/,The house grounds included a stable for horses.,stáj
9,stadium,/ˈsteɪdiəm/,There's a big football stadium on the outskirts of the city.,stadion
9,staff,/stɑːf/,Can you believe this house has staff accommodation?,personál
9,statue,/ˈstætʃuː/,There's an amazing statue of an angel outside the church.,socha
9,stranger,/ˈstreɪndʒə/,A stranger is someone you don't know.,cizinec
9,stressed out,/ˌstrest ˈaʊt/,I was so stressed out by the height.,vystresovaný
9,suburbs,/ˈsʌbɜːbz/,Mike was born in the suburbs of Chicago.,předměstí
9,surrounded,/səˈraʊndɪd/,Central park is surrounded by skyscrapers.,obklopený
9,technology,/tekˈnɒlədʒi/,Better technology makes skyscrapers safer.,technologie
9,town hall,/taʊn ˈhɔːl/,The post office is next to the town hall.,radnice
9,village,/ˈvɪlɪdʒ/,Living in a small village isn't easy.,vesnice
9,wood,/wʊd/,There was a wood near the school where we used to hide.,les
10,alike,/əˈlaɪk/,My twin brothers look so alike!,podobné
10,average,/ˈævərɪdʒ/,The average person checks her or his phone 110 times a day.,průměrný
10,beard,/bɪəd/,My dad has got a long dark beard.,vousy
10,billionaire,/ˌbɪljəˈneə/,Bill Gates is the richest billionaire in the world.,miliardář
10,boots,/buːts/,I love your new winter boots.,vysoké boty
10,bow tie,/ˌbəʊ ˈtaɪ/,Men had to wear bow ties at the dinner party.,motýlek
10,brochure,/ˈbrəʊʃə/,"Can I have an information brochure, please?",brožura
10,cap,/kæp/,Get your cap and sunglasses – we're heading to the beach.,kšiltovka
10,champagne,/ʃæmˈpeɪn/,"Can I have a glass of champagne, please?",šampaňské
10,conference,/ˈkɒnfərəns/,I'm speaking at a conference next Monday.,konference
10,countryside,/ˈkʌntrisaɪd/,We often go for long walks in the countryside.,venkov
10,curly,/ˈkɜːli/,My daughter is the one with the curly hair.,kudrnatý
10,dealer,/ˈdiːlə/,My mum works as an art dealer.,prodejce
10,disturb,/dɪˈstɜːb/,I don't want to disturb you so I'll read while you work.,rušit
10,download,/ˌdaʊnˈləʊd/,You should download this song – it's brilliant!,stáhnout
10,Earth,/ɜːθ/,"At this moment, 10,000 planes are flying above the Earth.",Země
10,employ,/ɪmˈplɔɪ/,How many people does McDonald's employ?,zaměstnat
10,expect (ie. expecting a baby),/ɪkˈspekt/,Patrick and I are expecting a baby!,očekávat (tj. čekat dítě)
10,extinct,/ɪkˈstɪŋkt/,Many plants and animals will become extinct in a few decades.,vyhynulý
10,fair (ie. fair hair),/feə/,My sister Anne is the only one with fair hair in my family.,světlý (tj. světlé vlasy)
10,frog,/frɒɡ/,Many species of frog are in danger of becoming extinct.,žába
10,good luck,/ˌɡʊd ˈlʌk/,Good luck with your exams!,hodně štěstí
10,good-looking,/ˌɡʊdˈlʊkɪŋ/,He was always a good-looking child.,hezký
10,handsome,/ˈhænsəm/,Dave's very handsome.,pohledný
10,hat,/hæt/,Can I borrow your winter hat?,klobouk
10,identical,/aɪˈdentɪkl/,My brothers are identical twins.,identický
10,individual (ie. 'they want to be individuals'),/ˌɪndɪˈvɪdʒuəl/,It is important to be treated as an individual.,"osobnost (tj. ""chtějí být osobnostmi"")"
10,jacket,/ˈdʒækɪt/,You don't need a jacket – it's warm outside.,bunda
10,joke,/dʒəʊk/,It was a funny joke and everybody laughed.,žert
10,laptop,/ˈlæptɒp/,I'm working on my laptop on the train.,notebook
10,lightning,/ˈlaɪtnɪŋ/,Lightning is hotter than the sun.,blesk
10,meteor,/ˈmiːtiə/,The world's biggest meteor fell in Namibia in Africa.,meteor
10,nervous,/ˈnɜːvəs/,Speaking in public makes me nervous.,nervózní
10,pack,/pæk/,Did you pack your suitcase?,balit
10,passport,/ˈpɑːspɔːt/,You need a passport to go to Egypt.,cestovní pas
10,pretty,/ˈprɪti/,My younger sister is really pretty.,pěkný
10,racket,/ˈrækɪt/,I found this old tennis racket in the closet.,raketa
10,rubbish,/ˈrʌbɪʃ/,46% of our rubbish is food waste.,odpad
10,scarf,/skɑːf/,She's wearing a warm red scarf.,šátek
10,shorts,/ʃɔːts/,We are going to play basketball so bring some shorts and trainers.,šortky
10,shy,/ʃaɪ/,My brother Luke is quite shy.,stydlivý
10,skill,/skɪl/,,dovednost
10,silly,/ˈsɪli/,You look silly in that funny hat.,hloupý
10,soundly (ie. sleep soundly),/ˈsaʊndli/,I was sleeping soundly at that time of the night.,tvrdě (tj. spát tvrdě)
10,strike,/straɪk/,The lightning didn't strike near the farm.,udeřit
10,suit,/suːt/,I've never seen my dad wearing a suit.,oblek
10,suitcase,/ˈsuːtkeɪs/,Have you packed your suitcase yet?,kufr
10,that's a pity,/ˌðæts ə ˈpɪti/,So you're not coming to the party... That's a pity.,to je škoda
10,trainers,/ˈtreɪnəz/,She's wearing trainers because she's playing tennis after school.,tenisky
11,uniform,/ˈjuːnɪfɔːm/,A police officer wears a uniform.,uniforma
11,airport,/ˈeəpɔːt/,I'm going to the airport to get a flight.,letiště
11,anniversary,/ˌænɪˈvɜːsəri/,They celebrated their 50th anniversary in 2015.,výročí
11,arrest,/əˈrest/,The police officer is going to arrest the criminal.,zatknout
11,barber's,/ˈbɑːbəz/,I'm going to the barber's at 4.30 to have a haircut.,holičství
11,bee,/biː/,I heard a bee buzzing near me.,včela
11,blood,/blʌd/,She's got cold blood – she's never afraid.,krev
11,chairman,/ˈtʃeəmən/,We are going to have lunch with our chairman tomorrow.,předseda
11,cloudy,/ˈklaʊdi/,The weather forecast says it will be cloudy on Friday.,zatažený
11,collapse,/kəˈlæps/,She's afraid the tower will collapse.,zřítit se
11,community,/kəˈmjuːnəti/,Every person in the community plays an important role.,komunita
11,cool (ie. cool weather),/kuːl/,It's cool and cloudy in Moscow.,chladný (tj. chladné počasí)
11,crash,/kræʃ/,The car's going to crash!,havarovat
11,cry,/kraɪ/,She didn't cry because she didn't hurt herself.,plakat
11,dry,/draɪ/,The weather will be dry and sunny this weekend.,suchý
11,exhibition,/ˌeksɪˈbɪʃn/,I went to the museum to see an exhibition.,výstava
11,fall,/fɔːl/,The people towers of the casteller often fall.,padat
11,fall asleep,/fɔːl əˈsliːp/,I'm so tired I'm going to fall asleep on the desk.,usnout
11,foggy,/ˈfɒɡi/,It was a foggy day in London.,mlhavý
11,forecast,/ˈfɔːkɑːst/,Do you know the weather forecast for tomorrow?,předpověď
11,gallery,/ˈɡæləri/,They've opened a new art gallery in Bond street.,galerie
11,grade,/ɡreɪd/,"She trains hard, but she never got a bad grade at school.",známka
11,grow up,/ɡrəʊ ˈʌp/,"When I grow up, I'm going to play for Arsenal.",dospět
11,gymnastics,/dʒɪmˈnæstɪks/,She's going to start gymnastics soon.,gymnastika
11,haircut,/ˈheəkʌt/,"Your hair is really long, why don't you get a haircut?",sestřih
11,helmet,/ˈhelmɪt/,You need to wear a safety helmet when you ride a bike.,helma
11,hire,/ˈhaɪə/,Are we going to hire a car at the airport?,pronajmout
11,hurt,/hɜːt/,She fell but she wasn't hurt.,zraněný
11,jewellery,/ˈdʒuːəlri/,I bought this ring in the new jewellery shop.,šperky
11,kiss,/kɪs/,Did I kiss you good night?,políbit
11,light (ie. not heavy),/laɪt/,She climbs to the top of the people tower because she's light.,lehký (tj. ne těžký)
11,peaceful,/ˈpiːsfʊl/,I love this village – it's so peaceful.,klidný
11,pick up,/pɪk ˈʌp/,I'll pick you up after school.,vyzvednout
11,play,/pleɪ/,We are going to the theatre tonight to see a play.,hra
11,policeman,/pəˈliːsmən/,My brother-in-law is a policeman.,policista
11,push,/pʊʃ/,The biggest castellers push together around the bottom of the tower.,tlačit se
11,rainy,/ˈreɪni/,Bring your umbrella – it's quite rainy at the moment.,deštivý
11,retire,/rɪˈtaɪə/,I'll travel the world when I retire.,odejít do důchodu
11,rider,/ˈraɪdə/,The enxaneta is a Catalan word that means the rider.,jezdec
11,showery,/ˈʃaʊəri/,It will be showery in the afternoon so take your umbrellas.,deštivý
11,sit down,/sɪt ˈdaʊn/,She's going to sit down and have a glass of wine.,posadit se
11,sneeze,/sniːz/,The smell of pepper makes me sneeze.,kýchnout
11,snowy,/ˈsnəʊi/,It was a snowy winter.,sněžný
11,sting,/stɪŋ/,"Careful, that bee is going to sting you!",dát žihadlo
11,stormy,/ˈstɔːmi/,Don't go for a walk in this stormy weather.,bouřkový
11,take off (ie. plane),/teɪk ˈɒf/,"Put your seatbelts on, the plane is about to take off.",vzlétnout (tj. letadlo)
11,teammate,/ˈtiːmmeɪt/,There were six teammates in the group.,spoluhráč
11,thunder,/ˈθʌndə/,I was scared of the sound of thunder.,hrom
11,update,/ʌpˈdeɪt/,I'll be back at lunchtime with an update.,nejnovější informace
11,watch,/wɒtʃ/,Let's stay in and watch a film.,dívat se
11,wet,/wet/,"It was wet and windy, so we stayed in.",mokrý
11,windy,/ˈwɪndi/,You can't go for a run in such windy weather.,větrný
12,admire,/ədˈmaɪə/,Which person do you most admire?,obdivovat
12,ancient,/ˈeɪnʃənt/,,starobylý
12,athlete,/ˈæθliːt/,My dad was an Olympic athlete.,atlet
12,backpack,/ˈbækpæk/,Do you need to buy a new backpack?,batoh
12,boarding pass,/ˈbɔːdɪŋ ˌpɑːs/,"May I see your boarding pass, please?",palubní vstupenka
12,buffet car,/ˈbʊfeɪ ˌkɑː/,There's a buffet car on this train.,jídelní vůz
12,cardboard,/ˈkɑːdbɔːd/,I put all my books in a cardboard box.,kartonový
12,cave,/keɪv/,Have you ever explored a cave?,jeskyně
12,ceremony,/ˈserəməni/,The opening ceremony of the 2016 Olympics was a bit boring.,ceremonie
12,check-in desk,/ˌtʃekˈɪn ˌdesk/,Please go to the check-in desk before boarding the plane.,odbavovací přepážka
12,contactless,/ˈkɒntæktləs/,Can I pay contactless?,bezkontaktní
12,courageous,/kəˈreɪdʒəs/,Who's the most courageous athlete?,odvážný
12,corner,/ˈkɔːnə/,Human beings have been to all corners of the world.,kout
12,customs,/ˈkʌstəmz/,British customs have arrested a man.,celní úřad
12,departure board,/dɪˈpɑːtʃə ˌbɔːd/,"Check our flight on the departure board, please.",tabule s odlety
12,double-decker,/ˌdʌblˈdekə/,We travelled on a double-decker.,patrový autobus
12,eclipse,/ɪˈklɪps/,I've never seen an eclipse.,zatmění
12,Egypt,/ˈiːdʒɪpt/,We're going to Egypt next summer.,Egypt
12,explore,/ɪkˈsplɔː/,I love to explore caves in my free time.,prozkoumat
12,fail,/feɪl/,You studied hard so you won't fail the exam.,neuspět
12,flooding,/ˈflʌdɪŋ/,It rained so heavily it caused flooding in some areas.,záplava
12,forever,/fərˈevə/,A fall changed Karen Darke's life forever.,navždy
12,get off,/ɡet ˈɒf/,Please get off the bus.,vystoupit
12,get on,/ɡet ˈɒn/,You can't get on the bus with a bike.,nastoupit
12,helicopter,/ˈhelɪˌkɒptə/,I'd love to fly a helicopter.,vrtulník
12,huge,/hjuːdʒ/,"Dan went to a huge, crowded city.",obrovský
12,icy,/ˈaɪsi/,She swam across icy waters.,ledový
12,ill,/ɪl/,Helen was ill so she couldn't compete.,nemocný
12,illness,/ˈɪlnəs/,Lynne has survived a serious heart illness.,nemoc
12,in a hurry,/ɪn ə ˈhʌri/,Slow down! We aren't in a hurry!,ve spěchu
12,Japan,/dʒəˈpæn/,My grandad is from Japan.,Japonsko
12,last,/lɑːst/,The swim didn't last long.,trvat
12,leech,/liːtʃ/,I found a leech on my leg after swimming in the river.,pijavice
12,luggage,/ˈlʌɡɪdʒ/,I only brought hand luggage.,zavazadlo
12,marathon,/ˈmærəθən/,The marathon runners were tired.,maraton
12,moon,/muːn/,When did man first land on the moon?,Měsíc
12,mountain,/ˈmaʊntɪn/,He landed on a mountain of cardboard boxes.,hora
12,parachute,/ˈpærəˌʃuːt/,He jumped from the Eiffel Tower without a parachute!,padák
12,platform,/ˈplætˌfɔːm/,The train leaves from platform 3.,nástupiště
12,queen,/kwiːn/,She received an MBE from the Queen for services to sport.,královna
12,"record (ie. fastest, tallest)",/ˈrekɔːd/,She holds the record for the fastest swim across the English Channel.,"rekord (tj. nejrychlejší, nejvyšší)"
12,regularly,/ˈreɡjʊlərli/,"They meet up regularly, every two weeks.",pravidelně
12,scuba dive,/ˈskuːbə ˌdaɪv/,I learned to scuba dive on the Great Barrier Reef.,potápět se
12,silver,/ˈsɪlvə/,She won a silver medal at the London Paralympics.,stříbrný
12,stay up (ie. not go to bed),/steɪ ˈʌp/,I had to stay up all night to look after my daughter.,zůstat vzhůru (tj. nejít spát)
12,take off (ie. clothes),/teɪk ˈɒf/,Why don't you take off your jumper? It's all wet.,sundat si (tj. oblečení)
12,tent,/tent/,We sleep in a tent when we go camping.,stan
12,tidy,/ˈtaɪdi/,You won't go to the party unless you tidy your room.,uklidit
12,underwater,/ˌʌndəˈwɔːtə/,Have you ever swum underwater?,pod vodou
12,wings,/wɪŋz/,Gary's flying suit has huge wings.,křídla
